sure,1
thing!,1
since,1
you,3
didn't,1
specify,1
a,11
theme,,1
i’ve,1
put,1
together,1
ten,1
distinct,1
sentences,1
that,3
cover,1
variety,1
of,6
moods,1
and,2
topics.,1
the,21
scent,1
fresh,1
rain,1
on,2
warm,1
asphalt,1
always,2
brings,1
back,1
memories,1
childhood,1
summers.,1
technological,1
progress,1
moves,1
at,1
such,1
blistering,1
pace,1
yesterday’s,1
breakthroughs,1
quickly,1
become,1
today's,1
standards.,1
tiny,,1
persistent,1
sprout,1
pushed,1
its,1
way,2
through,1
crack,1
in,3
concrete,,1
defying,1
odds,1
urban,1
landscape.,1
if,1
want,1
to,4
master,1
new,1
skill,,1
consistency,1
usually,1
beats,1
intensity,1
long,1
run.,1
old,1
lighthouse,1
stood,1
as,2
silent,1
sentinel,,1
watching,1
over,1
waves,1
they,1
crashed,1
against,2
jagged,1
shore.,1
sometimes,1
best,1
solve,1
complex,1
problem,1
is,1
step,1
away,1
from,1
it,1
let,1
your,1
subconscious,1
do,1
heavy,1
lifting.,1
deep,1
forest,,1
only,1
sound,1
was,1
rhythmic,1
tapping,1
woodpecker,1
hollow,1
cedar,1
tree.,1
every,1
book,1
dusty,1
shelf,1
holds,1
different,1
world,1
just,2
waiting,1
for,1
someone,1
turn,1
first,1
page.,1
success,1
isn't,1
about,2
finish,1
line;,1
often,,1
it's,1
grit,1
developed,1
during,1
steepest,1
parts,1
climb.,1
stars,1
looked,1
like,1
scattered,1
diamonds,1
across,1
velvet,1
sky,,1
reminding,1
us,1
how,1
vast,1
universe,1
really,1
is.,1
